9.999998219129626609e-01,1.054188403559928406e-04,5.874188548372213329e-04,6.973943346713806779e-02
-1.060293927560558520e-04,9.999994541531823655e-01,1.039447500047192005e-03,1.613383840085844774e-03
-5.873089568464429349e-04,-1.039509598599538303e-03,9.999992872437378777e-01,4.306617724708356604e-02
0.000000000000000000e+00,0.000000000000000000e+00,0.000000000000000000e+00,1.000000000000000000e+00
9.999994893777461868e-01,6.181587047677764458e-05,1.008673904468329954e-03,7.460032337010098769e-02
-6.337528357307837168e-05,9.999988028642797788e-01,1.546044495202049179e-03,9.024013557858156370e-03
-1.008577126862501925e-03,-1.546107630752052492e-03,9.999982961602352782e-01,4.388029060153714189e-02
0.000000000000000000e+00,0.000000000000000000e+00,0.000000000000000000e+00,1.000000000000000000e+00
9.999994859549389270e-01,-2.717561435313993427e-05,1.013583417410506959e-03,7.734269429032528120e-02
2.567818471241549896e-05,9.999989083944559320e-01,1.477345771148023826e-03,4.151756162514918559e-03
-1.013622458756171987e-03,-1.477318984743512678e-03,9.999983950477764338e-01,4.021658349372666391e-02
0.000000000000000000e+00,0.000000000000000000e+00,0.000000000000000000e+00,1.000000000000000000e+00
9.999995768205892643e-01,-3.729008240376825424e-05,9.192214597803122526e-04,7.931791727111688062e-02
3.578447239706103201e-05,9.999986580322062224e-01,1.637880721615627474e-03,4.195335635861002430e-03
-9.192813029217944019e-04,-1.637847134643274395e-03,9.999982361877692849e-01,3.944761089045099173e-02
0.000000000000000000e+00,0.000000000000000000e+00,0.000000000000000000e+00,1.000000000000000000e+00
9.999998914891932156e-01,1.916189561446869790e-04,4.246219233241413458e-04,7.854133930704415567e-02
-1.922104588957201476e-04,9.999990107345759771e-01,1.393407696656842609e-03,6.888519324448696274e-03
-4.243544999320368995e-04,-1.393489162231788259e-03,9.999989390550438895e-01,3.335241875026707242e-02
0.000000000000000000e+00,0.000000000000000000e+00,0.000000000000000000e+00,1.000000000000000000e+00
9.999996231080490183e-01,5.787992898600177655e-06,8.681879168421300762e-04,7.990053353426475324e-02
-7.233797031467751095e-06,9.999986133299578750e-01,1.665318538183431247e-03,5.104225143863889112e-03
-8.681770741000818976e-04,-1.665324190833454218e-03,9.999982364803987611e-01,3.652884564617622787e-02
0.000000000000000000e+00,0.000000000000000000e+00,0.000000000000000000e+00,1.000000000000000000e+00
9.999863874991394841e-01,-5.153272920685367763e-03,8.176763576702107596e-04,2.477540042328196523e-01
5.151592451359703929e-03,9.999846411700162863e-01,2.044142678228280056e-03,-1.892443422746457604e-01
-8.281978242277825142e-04,-2.039902516982484721e-03,9.999975764401058953e-01,-9.678040424834159772e-03
0.000000000000000000e+00,0.000000000000000000e+00,0.000000000000000000e+00,1.000000000000000000e+00
9.998078477606170411e-01,-1.960177209343826749e-02,-1.951591140671196612e-04,7.238639393837268399e-01
1.960190126211396738e-02,9.998076306125065482e-01,6.835465720342140958e-04,-7.517806844772142449e-01
1.817228473076171278e-04,-6.872407167140204753e-04,9.999997473384701907e-01,-1.531779586463214160e-01
0.000000000000000000e+00,0.000000000000000000e+00,0.000000000000000000e+00,1.000000000000000000e+00
9.990384625204529190e-01,-4.382815836409013899e-02,1.114871822999382103e-03,1.483991007452438282e+00
4.382601670794808446e-02,9.990374135792988719e-01,1.877905295663460103e-03,-1.640816141543322670e+00
-1.196103793212842208e-03,-1.827239228196648460e-03,9.999976152634159066e-01,-3.620031529439116103e-01
0.000000000000000000e+00,0.000000000000000000e+00,0.000000000000000000e+00,1.000000000000000000e+00
9.970903927259668897e-01,-7.622358788098566873e-02,8.446207000944816554e-04,2.497632692592890002e+00
7.622186747103650017e-02,9.970890525448921071e-01,1.910029936232368478e-03,-2.817042866411212376e+00
-9.877513883167314546e-04,-1.840093932170389817e-03,9.999978191983799336e-01,-6.569489155223333654e-01
0.000000000000000000e+00,0.000000000000000000e+00,0.000000000000000000e+00,1.000000000000000000e+00
9.933938215747780687e-01,-1.147526283492316668e-01,7.413123505851102520e-04,3.757973102413857625e+00
1.147511743824507768e-01,9.933926849206564658e-01,1.772434477710341152e-03,-4.247492933808234561e+00
-9.398057812066448833e-04,-1.675658996489714971e-03,9.999981544643076203e-01,-1.016642649470790305e+00
0.000000000000000000e+00,0.000000000000000000e+00,0.000000000000000000e+00,1.000000000000000000e+00
9.869174268169000896e-01,-1.612247188638612772e-01,7.633297962687786518e-04,5.242345384890313653e+00
1.612229700948633881e-01,9.869160437527427776e-01,1.968882227421522944e-03,-5.906810342661707125e+00
-1.070774906204257932e-03,-1.820057884676016396e-03,9.999977704127129829e-01,-1.430077992100301953e+00
0.000000000000000000e+00,0.000000000000000000e+00,0.000000000000000000e+00,1.000000000000000000e+00
9.768247654770650934e-01,-2.140363861388707989e-01,-1.342743195560110181e-03,6.919246102383591612e+00
2.140385465587247016e-01,9.768236476375616872e-01,1.749858016361991375e-03,-7.764504122524041207e+00
9.370900200492888500e-04,-1.996703448430267591e-03,9.999975675158582211e-01,-1.895364887690137001e+00
0.000000000000000000e+00,0.000000000000000000e+00,0.000000000000000000e+00,1.000000000000000000e+00
9.631589768200391477e-01,-2.687643038639396798e-01,-9.514953468484266610e-03,8.796322192896159464e+00
2.687668532872770077e-01,9.632047082862533749e-01,-1.033687210483388462e-03,-9.785935785090591921e+00
9.442666203507288011e-03,-1.561698986898237213e-03,9.999541975266886817e-01,-2.393614623287766197e+00
0.000000000000000000e+00,0.000000000000000000e+00,0.000000000000000000e+00,1.000000000000000000e+00
9.434665456245783233e-01,-3.311211516544616540e-01,-1.515454434314431054e-02,1.083100596872895949e+01
3.311075147395849960e-01,9.435866423318393093e-01,-3.473052821520036804e-03,-1.194492941169599654e+01
1.544962686283500239e-02,-1.741074366178145538e-03,9.998791315403330326e-01,-2.930303438084501888e+00
0.000000000000000000e+00,0.000000000000000000e+00,0.000000000000000000e+00,1.000000000000000000e+00
9.144491806098548059e-01,-4.037430793538172580e-01,-2.782484421991556975e-02,1.328338342845961328e+01
4.036080688487433399e-01,9.148710536829857132e-01,-1.055849862299100897e-02,-1.449733741410656584e+01
2.971906529743851763e-02,-1.575121227352832380e-03,9.995570499731197822e-01,-3.571979409595904098e+00
0.000000000000000000e+00,0.000000000000000000e+00,0.000000000000000000e+00,1.000000000000000000e+00
8.633395360827300635e-01,-5.024571983196867153e-01,-4.670770057696491118e-02,1.680552182291992835e+01
5.018144457280423465e-01,8.646008387625757630e-01,-2.544900134991717744e-02,-1.803256002794982038e+01
5.317055101382842097e-02,-1.467469857054743906e-03,9.985843675108800888e-01,-4.443477115224638396e+00
0.000000000000000000e+00,0.000000000000000000e+00,0.000000000000000000e+00,1.000000000000000000e+00
7.973012082518948773e-01,-6.000642478279414327e-01,-6.506674879502896691e-02,2.053621764242880943e+01
5.981804041995819610e-01,7.999511443493706464e-01,-4.752231776499591526e-02,-2.161925182293268932e+01
8.056666402236914437e-02,-1.032052721201347223e-03,9.967486882436752405e-01,-5.334552578800535017e+00
0.000000000000000000e+00,0.000000000000000000e+00,0.000000000000000000e+00,1.000000000000000000e+00
7.164552295302754059e-01,-6.930253203386500527e-01,-8.004879417100699279e-02,2.441579897078566930e+01
6.888221891040791078e-01,7.209130444367376489e-01,-7.621269027411996244e-02,-2.515938776257231524e+01
1.105255440004027090e-01,-5.364051325504881618e-04,9.938731389835169239e-01,-6.215846348563406565e+00
0.000000000000000000e+00,0.000000000000000000e+00,0.000000000000000000e+00,1.000000000000000000e+00
6.349243338920562696e-01,-7.674711714380756389e-01,-8.865151574111262978e-02,2.788472787090755745e+01
7.601770106762958390e-01,6.410833531700033117e-01,-1.055606305757777613e-01,-2.814398155232026966e+01
1.378477517806498964e-01,-3.678311744504531022e-04,9.904533618647815008e-01,-6.959457264315043190e+00
0.000000000000000000e+00,0.000000000000000000e+00,0.000000000000000000e+00,1.000000000000000000e+00
5.679869261380946499e-01,-8.179783148969440587e-01,-9.111711197439778531e-02,3.051892923217054943e+01
8.077066430362899174e-01,5.752490215132107787e-01,-1.292228387056306438e-01,-3.028316550137387253e+01
1.581165093570132962e-01,-1.990136927526031663e-04,9.874204422951269322e-01,-7.503087599215366055e+00
0.000000000000000000e+00,0.000000000000000000e+00,0.000000000000000000e+00,1.000000000000000000e+00
4.967459337003529152e-01,-8.633040691898187236e-01,-8.916031332642124219e-02,3.317743436421762482e+01
8.494807536483824917e-01,5.046836633711766495e-01,-1.538728342080730171e-01,-3.231018354875828180e+01
1.778367974664999684e-01,6.957345397545916521e-04,9.840597489077121951e-01,-8.008459021999478011e+00
0.000000000000000000e+00,0.000000000000000000e+00,0.000000000000000000e+00,1.000000000000000000e+00
4.229826081294875140e-01,-9.020584849883289680e-01,-8.588482334229416426e-02,3.580734733719150853e+01
8.843316655115155411e-01,4.316132853353594756e-01,-1.779535818567490602e-01,-3.414760098647526121e+01
1.975935692111601971e-01,-6.793986887013159226e-04,9.802837955530103731e-01,-8.498002862106211808e+00
0.000000000000000000e+00,0.000000000000000000e+00,0.000000000000000000e+00,1.000000000000000000e+00
3.159824757864028166e-01,-9.460144124850887737e-01,-7.219284151761679036e-02,3.949481589136944848e+01
9.227222785027561214e-01,3.241238273518003421e-01,-2.086320715937570180e-01,-3.645522407235234397e+01
2.207683667344069178e-01,-6.898647060823576149e-04,9.753260236126737315e-01,-9.043441547940627601e+00
0.000000000000000000e+00,0.000000000000000000e+00,0.000000000000000000e+00,1.000000000000000000e+00
2.423034936979578946e-01,-9.684326780565871706e-01,-5.854199359357246946e-02,4.197230250067626400e+01
9.416716460245949660e-01,2.492750067963955818e-01,-2.260895443402599070e-01,-3.776486384775152061e+01
2.335455587569437719e-01,-3.450489865963191072e-04,9.723457990479021928e-01,-9.355359116848541490e+00
0.000000000000000000e+00,0.000000000000000000e+00,0.000000000000000000e+00,1.000000000000000000e+00
1.683052787855932597e-01,-9.848205072660143333e-01,-4.244881154065563433e-02,4.443509726492198553e+01
9.550026226063348389e-01,1.735758184773264490e-01,-2.405024450082547949e-01,-3.883359096118437037e+01
2.442198270983052810e-01,-6.089529211703026412e-05,9.697198937548086040e-01,-9.601647925694072327e+00
0.000000000000000000e+00,0.000000000000000000e+00,0.000000000000000000e+00,1.000000000000000000e+00
1.000086086483625847e-01,-9.946261549364953103e-01,-2.677853828089973853e-02,4.670089247325780235e+01
9.628227123320359793e-01,1.035283679710734539e-01,-2.495081193925913210e-01,-3.954774320719254632e+01
2.509396397817615920e-01,-8.300249929805575411e-04,9.680023802887629536e-01,-9.760685725276509572e+00
0.000000000000000000e+00,0.000000000000000000e+00,0.000000000000000000e+00,1.000000000000000000e+00
3.505862194366704543e-02,-9.993422308020659672e-01,-9.273551798619203423e-03,4.885648950146483571e+01
9.662997073866780307e-01,3.626437709707397428e-02,-2.548524484053112382e-01,-3.992946614817562079e+01
2.550211138941864686e-01,-2.625474938122707158e-05,9.669354842898552072e-01,-9.839365339524999143e+00
0.000000000000000000e+00,0.000000000000000000e+00,0.000000000000000000e+00,1.000000000000000000e+00
-2.794256467308481318e-02,-9.995759736882210422e-01,8.190598557824543824e-03,5.094548382287821653e+01
9.665247136178789500e-01,-2.910744538064541365e-02,-2.549171131746355567e-01,-3.994575556815387785e+01
2.550474290114834175e-01,7.933780043020699502e-04,9.669282183833372013e-01,-9.844078077157895734e+00
0.000000000000000000e+00,0.000000000000000000e+00,0.000000000000000000e+00,1.000000000000000000e+00
-8.871591394821648491e-02,-9.957470681281921365e-01,2.484477664303340327e-02,5.309426655225472302e+01
9.630018024678566047e-01,-9.211760427302534415e-02,-2.532624635169168359e-01,-3.970242914186633953e+01
2.544739968169477673e-01,1.457153769472335769e-03,9.670785188633341800e-01,-9.836981621171540624e+00
0.000000000000000000e+00,0.000000000000000000e+00,0.000000000000000000e+00,1.000000000000000000e+00
-1.504115332047364917e-01,-9.877908388862646216e-01,4.056635664402580277e-02,5.538327311596605540e+01
9.553052867701032902e-01,-1.557829602466057062e-01,-2.512438623447252883e-01,-3.922585682894838754e+01
2.544959326749473005e-01,9.632804234894487561e-04,9.670733645089881758e-01,-9.832466210080429647e+00
0.000000000000000000e+00,0.000000000000000000e+00,0.000000000000000000e+00,1.000000000000000000e+00
-2.085114354559770566e-01,-9.763553622878099469e-01,5.703672339753940168e-02,5.777617822731801311e+01
9.443684672959941073e-01,-2.161607277057028265e-01,-2.478764566770228495e-01,-3.852886169771158364e+01
2.543446072970742544e-01,2.178607257052544988e-03,9.671112006430887531e-01,-9.827832609531652608e+00
0.000000000000000000e+00,0.000000000000000000e+00,0.000000000000000000e+00,1.000000000000000000e+00
-2.692654516714731439e-01,-9.602404730711933123e-01,7.371804671970408340e-02,6.034521965538680632e+01
9.288641000872790432e-01,-2.791589943106198013e-01,-2.434784168351123712e-01,-3.759509907528421024e+01
2.543768859491893908e-01,2.913721245128148007e-03,9.671007755778602277e-01,-9.834091385019766207e+00
0.000000000000000000e+00,0.000000000000000000e+00,0.000000000000000000e+00,1.000000000000000000e+00
-3.273272740291198191e-01,-9.406719547779447410e-01,8.940430174720757905e-02,6.289663825793825680e+01
9.100481519204082215e-01,-3.393000457240933909e-01,-2.380920833582622909e-01,-3.650724089150642726e+01
2.543014291405281124e-01,3.428186965206775350e-03,9.671189330538496609e-01,-9.835852890676488158e+00
0.000000000000000000e+00,0.000000000000000000e+00,0.000000000000000000e+00,1.000000000000000000e+00
-3.851657185440393039e-01,-9.168915530033232564e-01,1.046768803968119443e-01,6.552731979023805309e+01
8.866373084077925348e-01,-3.991263646470010751e-01,-2.336074236471406551e-01,-3.524355014582898349e+01
2.559719761963004658e-01,2.832856301281022615e-03,9.666800516858395920e-01,-9.836025209115247137e+00
0.000000000000000000e+00,0.000000000000000000e+00,0.000000000000000000e+00,1.000000000000000000e+00
-4.621923881256705946e-01,-8.778232384190071125e-01,1.257161821336298946e-01,6.932551612131302932e+01
8.494788781746654971e-01,-4.789635441656882597e-01,-2.213132596464889024e-01,-3.316718433757411333e+01
2.544873904416500854e-01,4.503937367390534185e-03,9.670656041109049195e-01,-9.850329998661409903e+00
0.000000000000000000e+00,0.000000000000000000e+00,0.000000000000000000e+00,1.000000000000000000e+00
-5.399639922280632387e-01,-8.288757546973495316e-01,1.463006164444676516e-01,7.332045924769771261e+01
8.022517120233392252e-01,-5.594120056416131970e-01,-2.084475917338662332e-01,-3.070485342616376911e+01
2.546194761850574251e-01,4.815726209700235683e-03,9.670293331271394566e-01,-9.859202835574222945e+00
0.000000000000000000e+00,0.000000000000000000e+00,0.000000000000000000e+00,1.000000000000000000e+00
-6.141737169678156416e-01,-7.714745816159478409e-01,1.661854846442255562e-01,7.736263427584697183e+01
7.468865900315386774e-01,-6.362371813743685767e-01,-1.932942592729009756e-01,-2.792546247381966396e+01
2.548549921367012638e-01,5.405456252486007251e-03,9.669641741169652249e-01,-9.875391936587003983e+00
0.000000000000000000e+00,0.000000000000000000e+00,0.000000000000000000e+00,1.000000000000000000e+00
-6.885297251760178483e-01,-7.009175594078879135e-01,1.861219827498281909e-01,8.156813672661810699e+01
6.787547640071175392e-01,-7.132181874028324930e-01,-1.749622459145417364e-01,-2.471006500264405759e+01
2.553796935675969881e-01,5.864475382178144236e-03,9.668230551873554512e-01,-9.901974027304060400e+00
0.000000000000000000e+00,0.000000000000000000e+00,0.000000000000000000e+00,1.000000000000000000e+00
-7.282643448038317313e-01,-6.554066353202482320e-01,2.001828825490249431e-01,8.404545240395533767e+01
6.347548966488355537e-01,-7.552333232220036496e-01,-1.634284206476174783e-01,-2.266752812830122465e+01
2.582968549320173168e-01,8.047973238010167063e-03,9.660320723759583394e-01,-9.919425991255641506e+00
0.000000000000000000e+00,0.000000000000000000e+00,0.000000000000000000e+00,1.000000000000000000e+00
-7.711738310589371093e-01,-6.012873053679933522e-01,2.091518555814886049e-01,8.666651144125093253e+01
5.835705984473881225e-01,-7.989696407240618470e-01,-1.452338453289077624e-01,-2.031838711303701217e+01
2.544332504167636233e-01,1.005433262635609115e-02,9.670380713693744745e-01,-9.935851172794388120e+00
0.000000000000000000e+00,0.000000000000000000e+00,0.000000000000000000e+00,1.000000000000000000e+00
-8.071867586789850391e-01,-5.486234158680977080e-01,2.178574859272316144e-01,8.885740565388469747e+01
5.317800118236620799e-01,-8.360417294890786222e-01,-1.350712611095922222e-01,-1.820586516998049831e+01
2.562412059723016000e-01,6.824522996521947826e-03,9.665887803237372955e-01,-9.943491267657908139e+00
0.000000000000000000e+00,0.000000000000000000e+00,0.000000000000000000e+00,1.000000000000000000e+00
-8.392240844241206643e-01,-4.944598019954372092e-01,2.263016578223177866e-01,9.090684203201803371e+01
4.794315447787498852e-01,-8.691738414487556463e-01,-1.211702406215108829e-01,-1.608449237616160588e+01
2.566092944410975352e-01,6.807169150708038130e-03,9.664912479968950088e-01,-9.960243944772914304e+00
0.000000000000000000e+00,0.000000000000000000e+00,0.000000000000000000e+00,1.000000000000000000e+00
-8.670644016006144872e-01,-4.393966829845639133e-01,2.347975265183416260e-01,9.282342900496630023e+01
4.260695959366517238e-01,-8.982678721375959574e-01,-1.076082213577310293e-01,-1.394005163435727646e+01
2.581937700552571213e-01,6.736829191747562007e-03,9.660696622071798245e-01,-9.979953367072990744e+00
0.000000000000000000e+00,0.000000000000000000e+00,0.000000000000000000e+00,1.000000000000000000e+00
-8.928385568940846451e-01,-3.828489031788596120e-01,2.372046134838714793e-01,9.459784267436306493e+01
3.735906746857730609e-01,-9.237194582223229311e-01,-8.468984761639003489e-02,-1.175772729655510140e+01
2.515339323254769388e-01,1.300307026061995469e-02,9.677611280955026318e-01,-9.990730254412483191e+00
0.000000000000000000e+00,0.000000000000000000e+00,0.000000000000000000e+00,1.000000000000000000e+00
-9.147328429794634452e-01,-3.202521281111551099e-01,2.463785713388748633e-01,9.610121506266987979e+01
3.112031033952058490e-01,-9.473048804420531877e-01,-7.593478733663880376e-02,-9.686880176152595112e+00
2.577139003078832147e-01,7.213732109250407809e-03,9.661943425921903916e-01,-1.000288806660869412e+01
0.000000000000000000e+00,0.000000000000000000e+00,0.000000000000000000e+00,1.000000000000000000e+00
-9.411377657946286002e-01,-2.235385622083044255e-01,2.535551557372453524e-01,9.807822880475332283e+01
2.177657164127291267e-01,-9.746682829110585589e-01,-5.098853834401942398e-02,-6.416665011847703326e+00
2.585300728161920580e-01,7.228381081038140477e-03,9.659761653149635530e-01,-1.001601279870093641e+01
0.000000000000000000e+00,0.000000000000000000e+00,0.000000000000000000e+00,1.000000000000000000e+00
-9.530320302118993059e-01,-1.612527658131510944e-01,2.563737406752008563e-01,9.896399758310158745e+01
1.576772159967369247e-01,-9.868849110888939791e-01,-3.458421345910165506e-02,-4.489407151829551523e+00
2.585881763455252780e-01,7.464434518125730514e-03,9.659588175857294345e-01,-1.003143498563314395e+01
0.000000000000000000e+00,0.000000000000000000e+00,0.000000000000000000e+00,1.000000000000000000e+00
-9.610569551679130074e-01,-9.829636432206560748e-02,2.582776678004582438e-01,9.958498473081320412e+01
9.689740414888801945e-02,-9.951284582788765265e-01,-1.817263307045608942e-02,-2.655217768968736625e+00
2.588057611271186165e-01,7.561500153416995766e-03,9.658997886545180878e-01,-1.003591079597238256e+01
0.000000000000000000e+00,0.000000000000000000e+00,0.000000000000000000e+00,1.000000000000000000e+00
-9.647233606166341069e-01,-3.594406582559034335e-02,2.608004248701933370e-01,9.992225419119121455e+01
3.593246175596913339e-02,-9.993426246456309503e-01,-4.814224603960966069e-03,-9.131335150741497486e-01
2.608020239045386046e-01,4.726806353892215075e-03,9.653807340262126058e-01,-1.004898817743399064e+01
0.000000000000000000e+00,0.000000000000000000e+00,0.000000000000000000e+00,1.000000000000000000e+00
-9.649965714243157189e-01,3.865393009178488826e-02,2.593983246433460010e-01,9.990578162917420002e+01
-3.546709739365389025e-02,-9.992269865285968722e-01,1.695624945111150195e-02,1.013477748719113336e+00
2.598532319248394451e-01,7.162616940661833270e-03,9.656215587779597431e-01,-1.006161872079279718e+01
0.000000000000000000e+00,0.000000000000000000e+00,0.000000000000000000e+00,1.000000000000000000e+00
-9.607113079294807845e-01,1.019420842868386384e-01,2.581503326894655781e-01,9.956595495480968339e+01
-9.657015625224264765e-02,-9.947643106627023224e-01,3.343906627249543240e-02,2.754660537891662653e+00
2.602075858576073375e-01,7.195671130199554968e-03,9.655258849865923088e-01,-1.007209458940442381e+01
0.000000000000000000e+00,0.000000000000000000e+00,0.000000000000000000e+00,1.000000000000000000e+00
-9.528917293467247251e-01,1.630138217668311851e-01,2.557808555298465847e-01,9.892655116360026568e+01
-1.552406446705221488e-01,-9.865884469524006661e-01,5.043390310426849876e-02,4.607262158251453243e+00
2.605718603089925423e-01,8.350464239900483310e-03,9.654183421512608776e-01,-1.008344165082811017e+01
0.000000000000000000e+00,0.000000000000000000e+00,0.000000000000000000e+00,1.000000000000000000e+00
-9.409463953064207686e-01,2.253378389489645028e-01,2.526712082878922461e-01,9.802109485785791776e+01
-2.157420652198435984e-01,-9.742550803132583592e-01,6.544004720721975643e-02,6.529195888407055115e+00
2.609123271417616019e-01,7.063768230692300115e-03,9.653366566767539458e-01,-1.009431977072945408e+01
0.000000000000000000e+00,0.000000000000000000e+00,0.000000000000000000e+00,1.000000000000000000e+00
-9.251098965803564722e-01,2.870015080471657321e-01,2.485997056066939770e-01,9.687672767150903042e+01
-2.752632273517018335e-01,-9.579045180037794038e-01,8.154195273521777643e-02,8.530995964034785217e+00
2.615374445791798230e-01,7.004910177856094045e-03,9.651679109442008464e-01,-1.011083093093863106e+01
0.000000000000000000e+00,0.000000000000000000e+00,0.000000000000000000e+00,1.000000000000000000e+00
-9.051460941024359608e-01,3.486234944994253682e-01,2.432533810949264741e-01,9.544296136814237741e+01
-3.347644209043684760e-01,-9.372376359166058046e-01,9.756226892613267809e-02,1.065350721389229882e+01
2.619987229504510684e-01,6.875529394987735243e-03,9.650437276454738589e-01,-1.012876548109073127e+01
0.000000000000000000e+00,0.000000000000000000e+00,0.000000000000000000e+00,1.000000000000000000e+00
-8.827124958407678301e-01,4.061264147526804646e-01,2.363894771911309867e-01,9.382611528636935816e+01
-3.898246791158027080e-01,-9.137755734771993987e-01,1.142406270495614079e-01,1.276119568297536766e+01
2.624030663670374741e-01,8.691176936947694887e-03,9.649192164138026273e-01,-1.014248784475855736e+01
0.000000000000000000e+00,0.000000000000000000e+00,0.000000000000000000e+00,1.000000000000000000e+00
-8.536389215941098119e-01,4.676217535911500467e-01,2.294133542494484757e-01,9.184710050780229551e+01
-4.497002430112183036e-01,-8.839053446668569958e-01,1.283784760192130392e-01,1.507461173030995738e+01
2.628122580385023332e-01,6.421622668940626943e-03,9.648256214399580921e-01,-1.016229746089506136e+01
0.000000000000000000e+00,0.000000000000000000e+00,0.000000000000000000e+00,1.000000000000000000e+00
-8.226128274537372054e-01,5.237749747796642819e-01,2.212869447191365690e-01,8.987760079294675108e+01
-5.039169531813803005e-01,-8.518347318051147088e-01,1.429870413250906580e-01,1.721634822269511389e+01
2.633929391706670842e-01,6.112731391993350694e-03,9.646692666971239394e-01,-1.017367164172024729e+01
0.000000000000000000e+00,0.000000000000000000e+00,0.000000000000000000e+00,1.000000000000000000e+00
-7.906291163377150433e-01,5.745035744109329157e-01,2.117811214157334088e-01,8.771709452213053737e+01
-5.527066983479037576e-01,-8.184721436995772148e-01,1.569033319887696565e-01,1.934307450549531993e+01
2.634784735047692172e-01,6.999498330617553998e-03,9.646398815219680012e-01,-1.018548224016335979e+01
0.000000000000000000e+00,0.000000000000000000e+00,0.000000000000000000e+00,1.000000000000000000e+00
-7.537643136544318612e-01,6.251567849856014547e-01,2.025298833444830193e-01,8.544922908791473048e+01
-6.018092141671929074e-01,-7.804778911450478418e-01,1.693515018452589893e-01,2.144956134433856221e+01
2.639413366726199306e-01,5.766768613822345624e-03,9.645214954448789735e-01,-1.020520067440125267e+01
0.000000000000000000e+00,0.000000000000000000e+00,0.000000000000000000e+00,1.000000000000000000e+00
-7.130904914554405671e-01,6.743141478714814729e-01,1.918394666803374671e-01,8.307810359645272058e+01
-6.493241762273441742e-01,-7.384264456568414570e-01,1.819464166211714473e-01,2.351512063500694083e+01
2.643483783996404268e-01,5.178255976844348130e-03,9.644133556222242998e-01,-1.021443330463130472e+01
0.000000000000000000e+00,0.000000000000000000e+00,0.000000000000000000e+00,1.000000000000000000e+00
-6.722884375333083584e-01,7.179021438913225639e-01,1.806786333667201594e-01,8.058067073315474715e+01
-6.914096927607441545e-01,-6.961258998806710840e-01,1.932908902970318921e-01,2.553237846824670143e+01
2.645390207805194960e-01,5.024272242698538116e-03,9.643618942974234720e-01,-1.022894584557664466e+01
0.000000000000000000e+00,0.000000000000000000e+00,0.000000000000000000e+00,1.000000000000000000e+00
-6.271861189875371778e-01,7.604137783415877427e-01,1.685480876712079912e-01,7.803043762185915000e+01
-7.325043749205498722e-01,-6.494226540162557626e-01,2.041753098999402605e-01,2.748212188300021097e+01
2.647166652698786371e-01,4.593708605568957992e-03,9.643152933401200055e-01,-1.024055512991346006e+01
0.000000000000000000e+00,0.000000000000000000e+00,0.000000000000000000e+00,1.000000000000000000e+00
-5.780251140516091679e-01,8.010744558064261112e-01,1.554563725939283048e-01,7.543291799670389253e+01
-7.719760024387575248e-01,-5.985534229462515787e-01,2.139786240211877244e-01,2.934825521557275252e+01
2.644617537268844631e-01,3.676429485762633398e-03,9.643891666137361929e-01,-1.024873511930243275e+01
0.000000000000000000e+00,0.000000000000000000e+00,0.000000000000000000e+00,1.000000000000000000e+00
-5.303242774808141213e-01,8.357922200480972785e-01,1.421531766142613007e-01,7.276854912496639827e+01
-8.051941663489715628e-01,-5.490282688763077346e-01,2.241212048251332023e-01,3.111439188597104533e+01
2.653648718124483330e-01,4.396007479240057747e-03,9.641380398709539223e-01,-1.026883246969197927e+01
0.000000000000000000e+00,0.000000000000000000e+00,0.000000000000000000e+00,1.000000000000000000e+00
-4.781457853433022098e-01,8.687986606069941775e-01,1.287070133517585480e-01,7.010359984544670908e+01
-8.371794053811572045e-01,-4.951544416711008978e-01,2.322772526508622981e-01,3.276644216474672078e+01
2.655320153278864503e-01,3.311528479921305168e-03,9.640963554619619291e-01,-1.027999464004968466e+01
0.000000000000000000e+00,0.000000000000000000e+00,0.000000000000000000e+00,1.000000000000000000e+00
-4.212445181474862577e-01,8.996561227255768234e-01,1.147689712991891847e-01,6.744527392932397447e+01
-8.676795287673906287e-01,-4.365988425847014409e-01,2.377260734789056751e-01,3.429543414914279964e+01
2.639797175706706800e-01,5.581183397168759663e-04,9.645280696875688786e-01,-1.029105874073144555e+01
0.000000000000000000e+00,0.000000000000000000e+00,0.000000000000000000e+00,1.000000000000000000e+00
-3.688566951319017240e-01,9.241752189526899475e-01,9.922148522431405160e-02,6.477457243520991881e+01
-8.905278354784065264e-01,-3.819585964112002796e-01,2.471190095191579394e-01,3.567366744475668838e+01
2.662797639598533106e-01,2.792006685744474748e-03,9.638917428861768499e-01,-1.030843197593948446e+01
0.000000000000000000e+00,0.000000000000000000e+00,0.000000000000000000e+00,1.000000000000000000e+00
-3.110129850083710457e-01,9.466685218880812602e-01,8.419995737776968248e-02,6.215978995866441892e+01
-9.123847183766145008e-01,-3.222046398989165672e-01,2.524644444281912703e-01,3.689870056671532694e+01
2.661297593825398544e-01,1.696966070652422554e-03,9.639357195773723408e-01,-1.030916565071646573e+01
0.000000000000000000e+00,0.000000000000000000e+00,0.000000000000000000e+00,1.000000000000000000e+00
-2.413110792723280884e-01,9.675756349141773072e-01,7.460800051502977648e-02,5.959604278544441769e+01
-9.343701461239997119e-01,-2.524200128616218564e-01,2.514688194173465008e-01,3.794874599198602283e+01
2.621476550584413978e-01,-9.029276126309770945e-03,9.649855331143546433e-01,-1.032311664961629383e+01
0.000000000000000000e+00,0.000000000000000000e+00,0.000000000000000000e+00,1.000000000000000000e+00
-1.937303917853602786e-01,9.796613176885746732e-01,5.227081330318356089e-02,5.712790317573362131e+01
-9.440651292328943178e-01,-2.006536367548796274e-01,2.616852113198593344e-01,3.878867751016914411e+01
2.668512077266456672e-01,1.349326397252686993e-03,9.637367961498120028e-01,-1.032801989698237222e+01
0.000000000000000000e+00,0.000000000000000000e+00,0.000000000000000000e+00,1.000000000000000000e+00
-1.331577773087253003e-01,9.904242086035979220e-01,3.645398955034775956e-02,5.476060324028633630e+01
-9.545002791062815461e-01,-1.380569642533004404e-01,2.643283787397672779e-01,3.943101743611028809e+01
2.668299524570486581e-01,4.020361922619231088e-04,9.637435420477118431e-01,-1.033443210836460224e+01
0.000000000000000000e+00,0.000000000000000000e+00,0.000000000000000000e+00,1.000000000000000000e+00
-6.430653863654833824e-02,9.977757204929502688e-01,1.755792366312708408e-02,5.216900710090985172e+01
-9.615056602660680962e-01,-6.665991059291875853e-02,2.665770462662844231e-01,3.988919757819928691e+01
2.671545140268058449e-01,2.606041407235137886e-04,9.636536710460782418e-01,-1.034236447029988781e+01
0.000000000000000000e+00,0.000000000000000000e+00,0.000000000000000000e+00,1.000000000000000000e+00
2.664531094755573370e-02,9.996236352414382687e-01,-6.528037316078150187e-03,4.908248775325447610e+01
-9.632563880507314380e-01,2.742074818534323555e-02,2.671801516737624116e-01,4.000708472171252339e+01
2.672585981478739492e-01,-8.309245742166848636e-04,9.636244866546228582e-01,-1.035136238882540383e+01
0.000000000000000000e+00,0.000000000000000000e+00,0.000000000000000000e+00,1.000000000000000000e+00
1.177647827388085822e-01,9.925672786092347710e-01,-3.068637125400849874e-02,4.582205058671197406e+01
-9.570412026034849085e-01,1.216862994851476976e-01,2.631816502662873702e-01,3.957019728736353414e+01
2.649596053472239587e-01,-1.625408215977119930e-03,9.642581426062083461e-01,-1.026979137619954052e+01
0.000000000000000000e+00,0.000000000000000000e+00,0.000000000000000000e+00,1.000000000000000000e+00
2.079963975285727407e-01,9.766695208262324845e-01,-5.342420522753006662e-02,4.228869357891096570e+01
-9.430435115031313709e-01,2.147336969253750838e-01,2.540834013008413939e-01,3.862434744803623943e+01
2.596274908921996083e-01,-2.467082045347762653e-03,9.657056898865215011e-01,-1.008587952801835996e+01
0.000000000000000000e+00,0.000000000000000000e+00,0.000000000000000000e+00,1.000000000000000000e+00
2.967356937421442020e-01,9.521094859989240877e-01,-7.372553648657075021e-02,3.854915251990795610e+01
-9.211643097824906423e-01,3.057368234191569223e-01,2.407930837638630195e-01,3.721982018789420010e+01
2.518019905447848039e-01,-3.538569827984339167e-03,9.677723059073639611e-01,-9.804112733644544164e+00
0.000000000000000000e+00,0.000000000000000000e+00,0.000000000000000000e+00,1.000000000000000000e+00
3.837270146401014492e-01,9.188213436132929290e-01,-9.230881190904155487e-02,3.466242224713333542e+01
-8.913178249094019234e-01,3.946594713838929569e-01,2.231511520153080519e-01,3.540205953821966034e+01
2.414665882356570314e-01,-3.352635925595606747e-03,9.704033422233160344e-01,-9.426252297242534439e+00
0.000000000000000000e+00,0.000000000000000000e+00,0.000000000000000000e+00,1.000000000000000000e+00
4.673045272382746473e-01,8.777752400903634511e-01,-1.055324912380904701e-01,3.074600973405377857e+01
-8.538988428029531397e-01,4.790472619943897392e-01,2.033973624102735633e-01,3.325536250656978154e+01
2.290922196024786917e-01,-4.934436136326644795e-03,9.733922160453238881e-01,-8.972089826011599101e+00
0.000000000000000000e+00,0.000000000000000000e+00,0.000000000000000000e+00,1.000000000000000000e+00
5.363739474033656363e-01,8.362010174480276614e-01,-1.143278048674740005e-01,2.728831787361892225e+01
-8.159198411669856821e-01,5.484008508917430635e-01,1.831155906285789614e-01,3.113551717901956195e+01
2.158189086641221222e-01,-4.936107788110141725e-03,9.764209304920351551e-01,-8.469338252729547989e+00
0.000000000000000000e+00,0.000000000000000000e+00,0.000000000000000000e+00,1.000000000000000000e+00
5.889899935900282379e-01,7.993861775689422577e-01,-1.186276804229690479e-01,2.467539960459425430e+01
-7.818806532032424039e-01,6.007942655372929819e-01,1.664598889942430215e-01,2.939986460567633841e+01
2.043365645137687481e-01,-5.290520694619493813e-03,9.788863972869835672e-01,-8.053433053771085426e+00
0.000000000000000000e+00,0.000000000000000000e+00,0.000000000000000000e+00,1.000000000000000000e+00
6.378757256874724169e-01,7.610155209463292936e-01,-1.181944815017499928e-01,2.206003510924687916e+01
-7.451997610156800844e-01,6.486469736810372977e-01,1.547075296053981863e-01,2.754028890151315068e+01
1.944013239688812122e-01,-1.060567834788316011e-02,9.808647433902023538e-01,-7.610548153618765355e+00
0.000000000000000000e+00,0.000000000000000000e+00,0.000000000000000000e+00,1.000000000000000000e+00
6.849627891756442377e-01,7.185078717987943842e-01,-1.207162607434847379e-01,1.950773954075654970e+01
-7.059970140303909458e-01,6.954901267989908042e-01,1.336476700331719059e-01,2.559434627813808660e+01
1.799838704575881243e-01,-6.318361202933261977e-03,9.836492691436390379e-01,-7.149070342889477736e+00
0.000000000000000000e+00,0.000000000000000000e+00,0.000000000000000000e+00,1.000000000000000000e+00
7.304265952026378628e-01,6.725947536667690185e-01,-1.187151479829765266e-01,1.702907270832029241e+01
-6.623078250455091132e-01,7.399766973921757529e-01,1.174003074955745213e-01,2.357540196917119246e+01
1.668092740352552783e-01,-7.126335419174262276e-03,9.859634280435174425e-01,-6.672524232694319934e+00
0.000000000000000000e+00,0.000000000000000000e+00,0.000000000000000000e+00,1.000000000000000000e+00
7.719943193169163109e-01,6.249292421840765277e-01,-1.161387670231046332e-01,1.463080568707239415e+01
-6.166012499921192935e-01,7.806493148417930072e-01,1.019291211832764332e-01,2.149675330107123727e+01
1.543621373607111102e-01,-7.077393607465114200e-03,9.879889883238365256e-01,-6.174789492154745929e+00
0.000000000000000000e+00,0.000000000000000000e+00,0.000000000000000000e+00,1.000000000000000000e+00
8.099759051328677684e-01,5.758097090132373586e-01,-1.112753886098951372e-01,1.236656549926590642e+01
-5.693944296706446861e-01,8.175598500688739945e-01,8.594111364999892921e-02,1.940442765865790520e+01
1.404600176713409476e-01,-6.250644882873933328e-03,9.900666204222398070e-01,-5.649213373424573525e+00
0.000000000000000000e+00,0.000000000000000000e+00,0.000000000000000000e+00,1.000000000000000000e+00
8.466779517462226234e-01,5.216361158946645205e-01,-1.050343211581320213e-01,1.016108507160731556e+01
-5.168134829880426384e-01,8.531481013731688767e-01,7.100803422941540100e-02,1.721052997179940647e+01
1.266501868478275838e-01,-5.837783627868228797e-03,9.919302649146889417e-01,-5.114747850294689258e+00
0.000000000000000000e+00,0.000000000000000000e+00,0.000000000000000000e+00,1.000000000000000000e+00
8.792064302052315927e-01,4.666429607008181768e-01,-9.612700096303634922e-02,8.178515582679033002e+00
-4.631610082575004506e-01,8.844270315018316619e-01,5.719008986488308133e-02,1.507791532647033783e+01
1.117046709662068565e-01,-5.759616066410622182e-03,9.937247573181915428e-01,-4.558011343483925337e+00
0.000000000000000000e+00,0.000000000000000000e+00,0.000000000000000000e+00,1.000000000000000000e+00
9.075873109032220887e-01,4.107809955983354744e-01,-8.685762340001469684e-02,6.365844966411055239e+00
-4.083001821076240878e-01,9.117157060478620068e-01,4.544703110798013757e-02,1.295061436074744599e+01
9.785823612930828752e-02,-5.783165300165340333e-03,9.951835612693629152e-01,-4.005391843625465853e+00
0.000000000000000000e+00,0.000000000000000000e+00,0.000000000000000000e+00,1.000000000000000000e+00
9.325979475989798484e-01,3.528420312775987222e-01,-7.591817370082315497e-02,4.748264304099278910e+00
-3.512290501784219865e-01,9.356688722482396914e-01,3.408688628300592105e-02,1.086043710068738832e+01
8.306155816581950457e-02,-5.124692147350562443e-03,9.965312413996165741e-01,-3.421636446689094502e+00
0.000000000000000000e+00,0.000000000000000000e+00,0.000000000000000000e+00,1.000000000000000000e+00
9.538421768636495823e-01,2.934341463476630163e-01,-6.388664487381240376e-02,3.334352307767032286e+00
-2.924427403564235362e-01,9.559675052203090440e-01,2.456364337153747052e-02,8.789617260080587968e+00
6.828136824082980949e-02,-4.746653566134304350e-03,9.976548120623102145e-01,-2.837681955075840090e+00
0.000000000000000000e+00,0.000000000000000000e+00,0.000000000000000000e+00,1.000000000000000000e+00
9.711273428564294319e-01,2.330567292967823945e-01,-5.095335990980055102e-02,2.148976808287923479e+00
-2.324861611192537425e-01,9.724522628267353586e-01,1.693462167262028625e-02,6.791571724691913836e+00
5.349643768180988718e-02,-4.599723105653426118e-03,9.985574463708675186e-01,-2.251401786127487981e+00
0.000000000000000000e+00,0.000000000000000000e+00,0.000000000000000000e+00,1.000000000000000000e+00
9.844691619122077908e-01,1.714732354111379031e-01,-3.764835695633515777e-02,1.214117142874712174e+00
-1.711894179650527703e-01,9.851804514907840371e-01,1.066119961361711513e-02,4.856272720080341720e+00
3.891853569523937018e-02,-4.050621933900832444e-03,9.992341767780398287e-01,-1.661600855269413257e+00
0.000000000000000000e+00,0.000000000000000000e+00,0.000000000000000000e+00,1.000000000000000000e+00
9.937821963890829391e-01,1.086904748416799293e-01,-2.415215971254949454e-02,5.494545186470782827e-01
-1.085872117894175481e-01,9.940714304017024272e-01,5.550558072265360937e-03,3.003027927484794191e+00
2.461226474525528632e-02,-2.893430110362573901e-03,9.996928850833670666e-01,-1.044535005345465395e+00
0.000000000000000000e+00,0.000000000000000000e+00,0.000000000000000000e+00,1.000000000000000000e+00
9.988592554270234736e-01,4.683147583859221391e-02,-9.327417571425420176e-03,1.620541658262708296e-01
-4.679231298648277998e-02,9.988950647246394032e-01,4.373684274573697191e-03,1.258968975418510716e+00
9.521937468153060871e-03,-3.932243575615807819e-03,9.999469336756400262e-01,-4.448855191769371942e-01
0.000000000000000000e+00,0.000000000000000000e+00,0.000000000000000000e+00,1.000000000000000000e+00
9.998567626647755224e-01,-1.634689784517241035e-02,4.385554053273938054e-03,8.223787469351009904e-02
1.632879583853087679e-02,9.998581377019694072e-01,4.132178313331005479e-03,-3.760178848651586914e-01
-4.452480205263862310e-03,-4.059975614345980727e-03,9.999818458442295555e-01,1.482041343461079352e-01
0.000000000000000000e+00,0.000000000000000000e+00,0.000000000000000000e+00,1.000000000000000000e+00
9.967970539578090428e-01,-7.766757259034536010e-02,1.906256512006392762e-02,3.282475621178234104e-01
7.758142165865160311e-02,9.969723584147188733e-01,5.219154185907541252e-03,-2.068057235038383901e+00
-1.941020954177846702e-02,-3.723536614189018601e-03,9.998046704434959686e-01,8.306058055903066117e-01
0.000000000000000000e+00,0.000000000000000000e+00,0.000000000000000000e+00,1.000000000000000000e+00
9.893000314745050705e-01,-1.411894731441582784e-01,3.675568524484409266e-02,8.493818787423905725e-01
1.409507090211583880e-01,9.899755126644154135e-01,9.021194558398983043e-03,-3.857439882208213877e+00
-3.766092605042772185e-02,-3.743928164742445046e-03,9.992835621838884741e-01,1.576608133862017924e+00
0.000000000000000000e+00,0.000000000000000000e+00,0.000000000000000000e+00,1.000000000000000000e+00
9.775214863034504820e-01,-2.034981843600892626e-01,5.513830589744771887e-02,1.658678468112114501e+00
2.029538837152423669e-01,9.790678668776868765e-01,1.535685946007021505e-02,-5.738920499025137012e+00
-5.710923655586085806e-02,-3.821126760994972976e-03,9.983606232671056180e-01,2.423071332312090043e+00
0.000000000000000000e+00,0.000000000000000000e+00,0.000000000000000000e+00,1.000000000000000000e+00
9.570361210008020425e-01,-2.792221270187932869e-01,7.821040137244344992e-02,3.031271728975226676e+00
2.779906288418155236e-01,9.602199436594697213e-01,2.643615090622205427e-02,-8.206405413714481512e+00
-8.248074548565728636e-02,-3.558592657986246396e-03,9.965863048639713728e-01,3.563534412635847026e+00
0.000000000000000000e+00,0.000000000000000000e+00,0.000000000000000000e+00,1.000000000000000000e+00
9.236632265415150034e-01,-3.684423196374368992e-01,1.053399308671833789e-01,5.151692218716164895e+00
3.655867562923925673e-01,9.296422917155345855e-01,4.595142084305776919e-02,-1.127654287368489250e+01
-1.148589028265765977e-01,-3.932754006267313168e-03,9.933740312125143301e-01,5.029335476931516169e+00
0.000000000000000000e+00,0.000000000000000000e+00,0.000000000000000000e+00,1.000000000000000000e+00
8.811977394759137328e-01,-4.542946468893456768e-01,1.307934163107016268e-01,7.731501207653084684e+00
4.487143951053840785e-01,8.908426813924762433e-01,7.109647413671486837e-02,-1.442761063340920025e+01
-1.488151053077242381e-01,-3.961163610357740228e-03,9.888571047502784372e-01,6.578055267763816438e+00
0.000000000000000000e+00,0.000000000000000000e+00,0.000000000000000000e+00,1.000000000000000000e+00
8.295055576511606299e-01,-5.370310514422362846e-01,1.533563810628146840e-01,1.071518416938782892e+01
5.272634741966619742e-01,8.435540329835462536e-01,1.020285362791218120e-01,-1.762143895911388469e+01
-1.841568858443879964e-01,-3.774019613137759299e-03,9.828896164738218921e-01,8.188831465987544078e+00
0.000000000000000000e+00,0.000000000000000000e+00,0.000000000000000000e+00,1.000000000000000000e+00
7.704816120527494538e-01,-6.140563611586472570e-01,1.711516018306509235e-01,1.403473474436357371e+01
5.987445029424983689e-01,7.892580981102648163e-01,1.362962756773209438e-01,-2.078497470699394256e+01
-2.187763828312763725e-01,-2.537693434742679943e-03,9.757717224982973558e-01,9.804731417163615959e+00
0.000000000000000000e+00,0.000000000000000000e+00,0.000000000000000000e+00,1.000000000000000000e+00
7.051582557786250094e-01,-6.851438380786672999e-01,1.825643871352793934e-01,1.762241608187381203e+01
6.627317203897017395e-01,7.284060958736534586e-01,1.738137689695729571e-01,-2.388266847602914211e+01
-2.520684452615070681e-01,-1.575003788837722740e-03,9.677081265890619122e-01,1.140471890401195942e+01
0.000000000000000000e+00,0.000000000000000000e+00,0.000000000000000000e+00,1.000000000000000000e+00
6.327608828416646514e-01,-7.514135038599829564e-01,1.870599138305719111e-01,2.141033883056504550e+01
7.197623069245506766e-01,6.598288432173141649e-01,2.157964763131002828e-01,-2.684537161814113659e+01
-2.855799129422211813e-01,-1.908893754197629744e-03,9.583529983511028805e-01,1.299016377926456300e+01
0.000000000000000000e+00,0.000000000000000000e+00,0.000000000000000000e+00,1.000000000000000000e+00
5.639298211179207820e-01,-8.050658456608182911e-01,1.839895132999189720e-01,2.494826322245671690e+01
7.646230551797857933e-01,5.931837889209022885e-01,2.519614574671541485e-01,-2.934203791135910322e+01
-3.119851604506854725e-01,-1.405955857636975725e-03,9.500859345062877548e-01,1.434605541915973603e+01
0.000000000000000000e+00,0.000000000000000000e+00,0.000000000000000000e+00,1.000000000000000000e+00
5.112518231963866233e-01,-8.404032772401806017e-01,1.798441127263682437e-01,2.758874868760974408e+01
7.922538183160525715e-01,5.419608736230346890e-01,2.803788487482462566e-01,-3.109462945943117163e+01
-3.330997758059971448e-01,-8.620125991170290991e-04,9.428911900597402029e-01,1.530666362793215463e+01
0.000000000000000000e+00,0.000000000000000000e+00,0.000000000000000000e+00,1.000000000000000000e+00
4.560819612211849949e-01,-8.732270925388828653e-01,1.716499038879045758e-01,3.027897712672816510e+01
8.176405765894040334e-01,4.873132163305249342e-01,3.065774236700185007e-01,-3.271027503431029260e+01
-3.513589790558717674e-01,5.234937328618960439e-04,9.362406708700103941e-01,1.619661555141889053e+01
0.000000000000000000e+00,0.000000000000000000e+00,0.000000000000000000e+00,1.000000000000000000e+00
4.000000446524617503e-01,-9.028072156069493204e-01,1.579211693410854100e-01,3.300459998252613047e+01
8.397427477651782102e-01,4.300454990891042772e-01,3.315011105396052926e-01,-3.422295797082784219e+01
-3.671948826628946283e-01,1.269765459030458565e-05,9.301440307742412372e-01,1.702316826319035314e+01
0.000000000000000000e+00,0.000000000000000000e+00,0.000000000000000000e+00,1.000000000000000000e+00
3.457191068707588522e-01,-9.273177771534034664e-01,1.433877237414541428e-01,3.563618084132037467e+01
8.566871417712468295e-01,3.742749341437114352e-01,3.549724141331717098e-01,-3.556442200046247848e+01
-3.828386608850996575e-01,1.176732392742241284e-04,9.238152119794912354e-01,1.780134735330914353e+01
0.000000000000000000e+00,0.000000000000000000e+00,0.000000000000000000e+00,1.000000000000000000e+00
2.885426735075097282e-01,-9.487846552771082020e-01,1.286499260623088225e-01,3.827794881890574175e+01
8.717954059238774978e-01,3.158966209607032560e-01,3.744089943839909451e-01,-3.674184580942682743e+01
-3.958735855991912800e-01,4.123442288752388052e-03,9.182957592456425511e-01,1.847031732096183987e+01
0.000000000000000000e+00,0.000000000000000000e+00,0.000000000000000000e+00,1.000000000000000000e+00
2.313089905622135456e-01,-9.673853087738641943e-01,1.032560664251016835e-01,4.079765905888709909e+01
8.837586595772437548e-01,2.533093063587227300e-01,3.934526997420347838e-01,-3.775919842571349960e+01
-4.067760839913315829e-01,2.442960457589848922e-04,9.135278637305591642e-01,1.903657443628647883e+01
0.000000000000000000e+00,0.000000000000000000e+00,0.000000000000000000e+00,1.000000000000000000e+00
1.754816144276808987e-01,-9.811026828916011855e-01,8.150907078820868179e-02,4.323374816993673164e+01
8.924468705886778874e-01,1.934839217258330080e-01,4.075568122483876343e-01,-3.858079697996650026e+01
-4.156257765999727960e-01,1.223787765181560960e-03,9.095348900230135758e-01,1.949700846436507717e+01
0.000000000000000000e+00,0.000000000000000000e+00,0.000000000000000000e+00,1.000000000000000000e+00
1.089510133314706142e-01,-9.926909100942705733e-01,5.190793494500278715e-02,4.595762964536924500e+01
8.997321420891247756e-01,1.206803394004607455e-01,4.194261891845865176e-01,-3.927376802139929879e+01
-4.226248326657588428e-01,1.006329170072511880e-03,9.063041642383866670e-01,1.988025870142363871e+01
0.000000000000000000e+00,0.000000000000000000e+00,0.000000000000000000e+00,1.000000000000000000e+00
5.273700295252065073e-02,-9.982400356246953210e-01,2.712268046474719529e-02,4.815181982884654133e+01
9.031230320968951508e-01,5.926682475029482200e-02,4.252719510855709206e-01,-3.963626299563059519e+01
-4.261309627517064214e-01,2.067549279893776681e-03,9.046591224457303237e-01,2.007342500170801358e+01
0.000000000000000000e+00,0.000000000000000000e+00,0.000000000000000000e+00,1.000000000000000000e+00
2.267385914035413563e-03,-9.999906612684790197e-01,3.679176123370875295e-03,5.024094709559189909e+01
9.045896075293429206e-01,3.619403160973533318e-03,4.262681572328240742e-01,-3.973527513098766661e+01
-4.262774928506384287e-01,2.361630070159853600e-03,9.045893663936059870e-01,2.014275510086958931e+01
0.000000000000000000e+00,0.000000000000000000e+00,0.000000000000000000e+00,1.000000000000000000e+00
-5.502195465175047095e-02,-9.981799734320271345e-01,-2.468451226049694913e-02,5.234745436551313702e+01
9.026188955979439488e-01,-6.029405413145066950e-02,4.261968516377634408e-01,-3.959592127025271679e+01
-4.269094913630391286e-01,1.169476648588130274e-03,9.042936019393921221e-01,2.013930432443519791e+01
0.000000000000000000e+00,0.000000000000000000e+00,0.000000000000000000e+00,1.000000000000000000e+00
-1.187904655502647899e-01,-9.914799571319093952e-01,-5.344454976944329472e-02,5.453885601404189032e+01
8.964604495227118663e-01,-1.302371670963034522e-01,4.235527626497872511e-01,-3.924268082199517238e+01
-4.269045417138225273e-01,2.403104749414908259e-03,9.042935017745481474e-01,2.014020424695781841e+01
0.000000000000000000e+00,0.000000000000000000e+00,0.000000000000000000e+00,1.000000000000000000e+00
-1.817562680148750998e-01,-9.798530007098754657e-01,-8.278137494121207141e-02,5.715831104316163191e+01
8.857967229144941834e-01,-1.997002537730697691e-01,4.189080738263636361e-01,-3.853748009578806233e+01
-4.269997947438001207e-01,2.811697498697945941e-03,9.042473498141579968e-01,2.013647136049571884e+01
0.000000000000000000e+00,0.000000000000000000e+00,0.000000000000000000e+00,1.000000000000000000e+00
-2.644121711097989214e-01,-9.567380068826412121e-01,-1.214025945160721875e-01,6.085512964928400237e+01
8.647730630351491143e-01,-2.909328134755846951e-01,4.092989707927284782e-01,-3.720395677185690886e+01
-4.269118799211478743e-01,3.237935980233586086e-03,9.042874335922066464e-01,2.013463500826081898e+01
0.000000000000000000e+00,0.000000000000000000e+00,0.000000000000000000e+00,1.000000000000000000e+00
-3.448327858921115263e-01,-9.251523040424572963e-01,-1.586933019973369441e-01,6.471378007378831398e+01
8.360260311212087680e-01,-3.795755190627617681e-01,3.962106770595092975e-01,-3.545184644507765626e+01
-4.267913132452497149e-01,3.954700136277355949e-03,9.043414926261137410e-01,2.012484324306943151e+01
0.000000000000000000e+00,0.000000000000000000e+00,0.000000000000000000e+00,1.000000000000000000e+00
-4.221588074388678558e-01,-8.852203230182025262e-01,-1.953635611298644159e-01,6.865536564138930942e+01
7.997894993093432880e-01,-4.651553874306644798e-01,3.794301284014471864e-01,-3.333699222286018227e+01
-4.267536737935634372e-01,3.930045772986862085e-03,9.043593625566770378e-01,2.012144198591744981e+01
0.000000000000000000e+00,0.000000000000000000e+00,0.000000000000000000e+00,1.000000000000000000e+00
-4.956430552985235383e-01,-8.376905850901489314e-01,-2.293740294489954035e-01,7.262937570084037020e+01
7.564310040343648067e-01,-5.461231351891207009e-01,3.599467423755468021e-01,-3.090800875733788544e+01
-4.267904613155119042e-01,4.899475740254927159e-03,9.043372696442202319e-01,2.011790771966848013e+01
0.000000000000000000e+00,0.000000000000000000e+00,0.000000000000000000e+00,1.000000000000000000e+00
-5.649171669508492588e-01,-7.827373401170674150e-01,-2.611337796430876490e-01,7.657630792110205675e+01
7.065459399185267664e-01,-6.223249829595891569e-01,3.369042154218209184e-01,-2.823059056112107967e+01
-4.262175844200612462e-01,5.819963127490834776e-03,9.046019559786075970e-01,2.008903717767818620e+01
0.000000000000000000e+00,0.000000000000000000e+00,0.000000000000000000e+00,1.000000000000000000e+00
-6.290298508912887110e-01,-7.208512946885849981e-01,-2.910238093927609015e-01,8.042064894457418234e+01
6.503346639640883442e-01,-6.930604228793334487e-01,3.110178050932711491e-01,-2.534532811842731448e+01
-4.258946718783878649e-01,6.376612275366178029e-03,9.047502789618194763e-01,2.006872997107750578e+01
0.000000000000000000e+00,0.000000000000000000e+00,0.000000000000000000e+00,1.000000000000000000e+00
-6.875922587764555782e-01,-6.526163384395277101e-01,-3.182904341516963886e-01,8.410137710086857510e+01
5.884471813241339833e-01,-7.576580273192627946e-01,2.822839500048929251e-01,-2.230754627037442361e+01
-4.253784203064059910e-01,6.799149981203816973e-03,9.049900392253824588e-01,2.004144298236938226e+01
0.000000000000000000e+00,0.000000000000000000e+00,0.000000000000000000e+00,1.000000000000000000e+00
-7.426698815584613644e-01,-5.749414271059526405e-01,-3.433421069768631262e-01,8.767999092295647756e+01
5.176528625451909393e-01,-8.181537504751461576e-01,2.503197045424556677e-01,-1.903599178980802620e+01
-4.248258006815392451e-01,8.172880815424304890e-03,9.052382244992012161e-01,2.001521947526702760e+01
0.000000000000000000e+00,0.000000000000000000e+00,0.000000000000000000e+00,1.000000000000000000e+00
-7.776668654828634564e-01,-5.149748533976564735e-01,-3.606038639533971080e-01,9.013473694802394220e+01
4.634322465513597278e-01,-8.571713958428411884e-01,2.246947952338791965e-01,-1.658092198663147343e+01
-4.248114866460387939e-01,7.622238312820980854e-03,9.052497458142061415e-01,2.000639777860196489e+01
0.000000000000000000e+00,0.000000000000000000e+00,0.000000000000000000e+00,1.000000000000000000e+00
-8.057394206308262641e-01,-4.598879108995002629e-01,-3.732118640263110132e-01,9.207875491696681536e+01
4.128520447113837588e-01,-8.879278376057143651e-01,2.028234315419935596e-01,-1.444019465108864075e+01
-4.246612476069954178e-01,9.341553047192543979e-03,9.053041257873161163e-01,1.999790369570914095e+01
0.000000000000000000e+00,0.000000000000000000e+00,0.000000000000000000e+00,1.000000000000000000e+00
-8.319736066575788014e-01,-4.010768649168337530e-01,-3.833500570675116847e-01,9.387348133028055486e+01
3.614407920235986338e-01,-9.160236249335228509e-01,1.739576742342876514e-01,-1.229130639528818492e+01
-4.209281075035667952e-01,6.169845389691300253e-03,9.070730187373743370e-01,1.997478211939839809e+01
0.000000000000000000e+00,0.000000000000000000e+00,0.000000000000000000e+00,1.000000000000000000e+00
-8.513978929945146268e-01,-3.444780132070716094e-01,-3.955458585567666052e-01,9.551540084626572025e+01
3.081040357041282540e-01,-9.387457476918533716e-01,1.543642587300969593e-01,-1.010981696490537551e+01
-4.244920858948141307e-01,9.556129309070557354e-03,9.053812177228430791e-01,1.996691208457573552e+01
0.000000000000000000e+00,0.000000000000000000e+00,0.000000000000000000e+00,1.000000000000000000e+00
-8.696898573858321546e-01,-2.838978036322049592e-01,-4.037840871716231739e-01,9.689272912700826623e+01
2.534187641281608894e-01,-9.588098227032079146e-01,1.283068738439166745e-01,-8.062681527246922997e+00
-4.235781887066030205e-01,9.260722469287503700e-03,9.058122085020605674e-01,1.995037606345104564e+01
0.000000000000000000e+00,0.000000000000000000e+00,0.000000000000000000e+00,1.000000000000000000e+00
-8.841208138568082964e-01,-2.231703642025755219e-01,-4.105184222990058696e-01,9.803114656217508127e+01
1.978124679626121485e-01,-9.747215565763914791e-01,1.038658493627105939e-01,-6.048383693836302477e+00
-4.233209350170573093e-01,1.062429701140416710e-02,9.059174964031206922e-01,1.994465174435805466e+01
0.000000000000000000e+00,0.000000000000000000e+00,0.000000000000000000e+00,1.000000000000000000e+00
-8.946280885722771581e-01,-1.621354927754860564e-01,-4.163564159706975021e-01,9.891864377715469914e+01
1.420620437966400029e-01,-9.867013129074461153e-01,7.898667494611921747e-02,-4.097902468955751054e+00
-4.236259657408121271e-01,1.151525462908510600e-02,9.057640090338056060e-01,1.992475790431056382e+01
0.000000000000000000e+00,0.000000000000000000e+00,0.000000000000000000e+00,1.000000000000000000e+00
-9.023192955273890981e-01,-9.944772316844865956e-02,-4.194401498134959771e-01,9.954847025245675241e+01
8.567906968897059938e-02,-9.949861765371694755e-01,5.159075030640117299e-02,-2.261871288780832767e+00
-4.224677336036314346e-01,1.061408764597855311e-02,9.063158142762680614e-01,1.991356497126261615e+01
0.000000000000000000e+00,0.000000000000000000e+00,0.000000000000000000e+00,1.000000000000000000e+00
-9.062131029909485935e-01,-3.689985485919984598e-02,-4.212080396655388803e-01,9.989167381340615748e+01
2.859082118791131735e-02,-9.992522940140782239e-01,2.602725209089219727e-02,-5.275476203531006547e-01
-4.218535017175003565e-01,1.154355313462699512e-02,9.065905191814608299e-01,1.989863941329072716e+01
0.000000000000000000e+00,0.000000000000000000e+00,0.000000000000000000e+00,1.000000000000000000e+00
-8.937769889951558966e-01,1.691849029668536786e-01,-4.153783366412479028e-01,9.884148442707517290e+01
-1.567641692556441257e-01,-9.855533097758593097e-01,-6.410669877194892508e-02,5.081220432627618244e+00
-4.202233800972303701e-01,7.819347667544534336e-03,9.073870004698729730e-01,1.986105126657382058e+01
0.000000000000000000e+00,0.000000000000000000e+00,0.000000000000000000e+00,1.000000000000000000e+00
-8.505604276331814040e-01,3.444923295390314721e-01,-3.973310884303302704e-01,9.543609344731416400e+01
-3.170858189577508424e-01,-9.387238538630012785e-01,-1.351077703334896962e-01,1.089462619067878535e+01
-4.195277611319089273e-01,1.107073066088715141e-02,9.076749950077296347e-01,1.985209788735767233e+01
0.000000000000000000e+00,0.000000000000000000e+00,0.000000000000000000e+00,1.000000000000000000e+00
-7.861628735329575512e-01,4.970628807237143509e-01,-3.672552639310234790e-01,9.077028987888689926e+01
-4.547718684724003091e-01,-8.676665595536823261e-01,-2.008414525898435943e-01,1.650409142294551046e+01
-4.184859423260536282e-01,9.123269091671354358e-03,9.081774507421752629e-01,1.982006115368096033e+01
0.000000000000000000e+00,0.000000000000000000e+00,0.000000000000000000e+00,1.000000000000000000e+00
-7.333916108982313498e-01,5.868304670873306650e-01,-3.431716013340303517e-01,8.711277193177892286e+01
-5.361724966630275757e-01,-8.096603427258241004e-01,-2.386821803973579181e-01,2.015920289411695165e+01
-4.179184117578849111e-01,8.951665496795657706e-03,9.084404596882509342e-01,1.979458835573664643e+01
0.000000000000000000e+00,0.000000000000000000e+00,0.000000000000000000e+00,1.000000000000000000e+00
-6.521912515212251460e-01,6.926233283870971702e-01,-3.080900784075293886e-01,8.193548593478654141e+01
-6.302272010871116104e-01,-7.212679673015767179e-01,-2.873781382683050500e-01,2.468478779534699896e+01
-4.212603072318629738e-01,6.741240140440474260e-03,9.069147199336249354e-01,1.975047950427368804e+01
0.000000000000000000e+00,0.000000000000000000e+00,0.000000000000000000e+00,1.000000000000000000e+00
-4.802190294085580957e-01,8.476875935265183459e-01,-2.254227751916888511e-01,7.179136677737652406e+01
-7.726112132674781696e-01,-5.304541473702598653e-01,-3.488413832546905513e-01,3.199357759670219892e+01
-4.152849587057756420e-01,6.643893354866425849e-03,9.096671159022027275e-01,1.967458363755202910e+01
0.000000000000000000e+00,0.000000000000000000e+00,0.000000000000000000e+00,1.000000000000000000e+00
-3.114418804486892567e-01,9.390915005776573343e-01,-1.452966229662208397e-01,6.307875062990018478e+01
-8.552631474712731885e-01,-3.436496621746990554e-01,-3.878528822437014023e-01,3.675257699067883266e+01
-4.141604805870734429e-01,3.473216091614467205e-03,9.101972495508132699e-01,1.961784051355878589e+01
0.000000000000000000e+00,0.000000000000000000e+00,0.000000000000000000e+00,1.000000000000000000e+00
-1.824553803475643665e-01,9.795336830051607491e-01,-8.499292935633709356e-02,5.715234005909788806e+01
-8.918764446294248360e-01,-2.012713063239286448e-01,-4.050262568844593680e-01,3.905158614120006177e+01
-4.138434990396760993e-01,1.903971902365436675e-03,9.103460513417922506e-01,1.959659782581280396e+01
0.000000000000000000e+00,0.000000000000000000e+00,0.000000000000000000e+00,1.000000000000000000e+00
2.501044537504371057e-02,9.996197184763283561e-01,1.161447611595081697e-02,4.906515368419027112e+01
-9.102440843832392270e-01,2.757465094516808879e-02,-4.131529323030040390e-01,4.030080133795553365e+01
-4.133160830012068132e-01,-2.388693328512214720e-04,9.105875896771168376e-01,1.957958334350023222e+01
0.000000000000000000e+00,0.000000000000000000e+00,0.000000000000000000e+00,1.000000000000000000e+00
2.912660885191126203e-01,9.487222857174451018e-01,1.228417285039706264e-01,3.979610828559543023e+01
-8.775657704401238490e-01,3.160983752026294002e-01,-3.604998415340706086e-01,3.699536919140930991e+01
-3.808443044481678030e-01,-2.800317361394799587e-03,9.246349409318616042e-01,1.804079117219273343e+01
0.000000000000000000e+00,0.000000000000000000e+00,0.000000000000000000e+00,1.000000000000000000e+00
5.122033021186783719e-01,8.394890983126861439e-01,1.813996447429687131e-01,3.179761208863119037e+01
-7.942863321745095018e-01,5.433547353403149760e-01,-2.717992901094872238e-01,3.160937214876566159e+01
-3.267368969361845177e-01,-4.866764573059623178e-03,9.451028064623995251e-01,1.542063063860693184e+01
0.000000000000000000e+00,0.000000000000000000e+00,0.000000000000000000e+00,1.000000000000000000e+00
7.413338802825852891e-01,6.428347195999032371e-01,1.928408702067044567e-01,2.237495413885067919e+01
-6.247093812811971292e-01,7.659636736241672850e-01,-1.517822111692732345e-01,2.354535076803674798e+01
-2.452799765256616638e-01,-7.948205148569864598e-03,9.694197022706351197e-01,1.151624640088085272e+01
0.000000000000000000e+00,0.000000000000000000e+00,0.000000000000000000e+00,1.000000000000000000e+00
8.610774397441648409e-01,4.810656418981764104e-01,1.646860375038807778e-01,1.612500986339762932e+01
-4.743431071888707939e-01,8.766413749521723142e-01,-8.061337596436524144e-02,1.753539353219986907e+01
-1.831509198067034494e-01,-8.703327355684319089e-03,9.830462820574106253e-01,8.585211511164553499e+00
0.000000000000000000e+00,0.000000000000000000e+00,0.000000000000000000e+00,1.000000000000000000e+00
9.157318749981276929e-01,3.782065344103898719e-01,1.356279854664804441e-01,1.245387389404346834e+01
-3.752719229413186142e-01,9.256923123804122744e-01,-4.758914426347770482e-02,1.381015350784293183e+01
-1.435483088174092370e-01,-7.318478604712505553e-03,9.896162503246265230e-01,6.744314198363405843e+00
0.000000000000000000e+00,0.000000000000000000e+00,0.000000000000000000e+00,1.000000000000000000e+00
9.741444628189784849e-01,2.110569099882042832e-01,8.060735887842417069e-02,6.925710876703520924e+00
-2.109429566880113016e-01,9.774469726715605544e-01,-1.002420265764086826e-02,7.948736728895225312e+00
-8.090509614878295397e-02,-7.238533099510269936e-03,9.966955247495212777e-01,3.862690316269386859e+00
0.000000000000000000e+00,0.000000000000000000e+00,0.000000000000000000e+00,1.000000000000000000e+00
9.973989285276093630e-01,6.730209085003580061e-02,2.580321567538815600e-02,2.212958302982244607e+00
-6.742281040062625408e-02,9.977171176646184581e-01,3.836372855619646968e-03,2.620868551623857012e+00
-2.548611405566324553e-02,-5.566119493835603067e-03,9.996596802432927698e-01,1.237234344146037168e+00
0.000000000000000000e+00,0.000000000000000000e+00,0.000000000000000000e+00,1.000000000000000000e+00
9.999859466170719635e-01,5.193551141790958559e-03,1.064704135435787886e-03,2.262789433770038272e-01
-5.198625529609868234e-03,9.999748707869086095e-01,4.819967562993620995e-03,2.973199723970589292e-01
-1.039644632218508389e-03,-4.825434824243715788e-03,9.999878170846860925e-01,8.102299402878830603e-02
0.000000000000000000e+00,0.000000000000000000e+00,0.000000000000000000e+00,1.000000000000000000e+00
9.999995817552042032e-01,-1.719523232844719020e-04,-8.982882697120357076e-04,5.056157185075802613e-02
1.765208957612005632e-04,9.999870391241219014e-01,5.088263372254602131e-03,6.859129814094040711e-02
8.974016884009265770e-04,-5.088419810764947641e-03,9.999866512379249617e-01,-3.090375484247548030e-02
0.000000000000000000e+00,0.000000000000000000e+00,0.000000000000000000e+00,1.000000000000000000e+00
9.999997652193373110e-01,-8.826957648196251307e-05,-6.795364245586367350e-04,5.248889199111279880e-02
9.161678320431483678e-05,9.999878567516429229e-01,4.927266546554205998e-03,6.863099605037513429e-02
6.790932450477874796e-04,-4.927327646668588912e-03,9.999876300608058211e-01,-2.384894516349803442e-02
0.000000000000000000e+00,0.000000000000000000e+00,0.000000000000000000e+00,1.000000000000000000e+00
9.999997472926607234e-01,-3.585013546934466533e-04,-6.139148095740476832e-04,5.327142767535535117e-02
3.618213735958286073e-04,9.999852657259413746e-01,5.416402524941467747e-03,6.557280032331837261e-02
6.119639763422382670e-04,-5.416623283676468351e-03,9.999851427357780986e-01,-2.145922229236568723e-02
0.000000000000000000e+00,0.000000000000000000e+00,0.000000000000000000e+00,1.000000000000000000e+00
9.999997431772417178e-01,-3.026532480054604105e-04,-6.496510309349426545e-04,5.494718022869186924e-02
3.057190904158785380e-04,9.999887936331782745e-01,4.724314119378939317e-03,5.408950610701247080e-02
6.482139216943558430e-04,-4.724511516789821688e-03,9.999886293401737403e-01,-2.246455827300557900e-02
0.000000000000000000e+00,0.000000000000000000e+00,0.000000000000000000e+00,1.000000000000000000e+00
9.999997014666186512e-01,-2.825225197727534326e-04,-7.191993459390474920e-04,5.429499247268938789e-02
2.858688049585114623e-04,9.999891154914157809e-01,4.656949400858622842e-03,5.775407609927847574e-02
7.178758247284080509e-04,-4.657153607261321770e-03,9.999888977256590206e-01,-2.324234992609999079e-02
0.000000000000000000e+00,0.000000000000000000e+00,0.000000000000000000e+00,1.000000000000000000e+00
9.999999232781361380e-01,1.601894644651716531e-04,-3.574675615810612604e-04,5.353842443172894539e-02
-1.586126138486790055e-04,9.999902772180024879e-01,4.406848250339811049e-03,6.229354214274326201e-02
3.581700166630899561e-04,-4.406791213373889918e-03,9.999902259049541220e-01,-2.297831306228772727e-02
0.000000000000000000e+00,0.000000000000000000e+00,0.000000000000000000e+00,1.000000000000000000e+00
